chain, residue_label, residue_name, score, zscore, probability, pocket
H,   16, ILE,  0.0068,  -0.3757,   0.0003, 0
H,   17, VAL,  0.0181,  -0.3694,   0.0005, 0
H,   18, GLU,  0.1759,  -0.2814,   0.0055, 0
H,   19, GLY,  0.3057,  -0.2091,   0.0144, 0
H,   20, SER,  0.3269,  -0.1973,   0.0163, 0
H,   21, ASP,  0.0311,  -0.3621,   0.0007, 0
H,   22, ALA,  0.4660,  -0.1197,   0.0314, 0
H,   23, GLU,  0.9265,   0.1370,   0.1219, 0
H,   24, ILE,  1.2236,   0.3026,   0.2030, 0
H,   25, GLY,  1.0984,   0.2328,   0.1677, 0
H,   26, MET,  1.2574,   0.3214,   0.2127, 0
H,   27, SER,  1.1513,   0.2623,   0.1825, 0
H,   28, PRO,  1.1207,   0.2452,   0.1740, 0
H,   29, TRP,  0.3981,  -0.1576,   0.0233, 0
H,   30, GLN,  0.9023,   0.1235,   0.1157, 0
H,   31, VAL,  0.0095,  -0.3742,   0.0003, 0
H,   32, MET,  0.0000,  -0.3795,   0.0002, 0
H,   33, LEU,  0.0000,  -0.3795,   0.0002, 0
H,   34, PHE,  0.0168,  -0.3701,   0.0004, 0
H,   35, ARG,  0.0710,  -0.3399,   0.0015, 0
H,   36, LYS,  0.0719,  -0.3394,   0.0015, 0
H,  36A, SER,  0.0560,  -0.3482,   0.0011, 0
H,   37, PRO,  0.0515,  -0.3508,   0.0010, 0
H,   38, GLN,  0.0627,  -0.3445,   0.0013, 0
H,   39, GLU,  0.3415,  -0.1891,   0.0177, 0
H,   40, LEU,  0.6674,  -0.0075,   0.0633, 1
H,   41, LEU,  1.6533,   0.5421,   0.3248, 1
H,   42, CYS,  1.8721,   0.6641,   0.3821, 0
H,   43, GLY,  0.3641,  -0.1765,   0.0198, 0
H,   44, ALA,  0.0000,  -0.3795,   0.0002, 0
H,   45, SER,  0.0307,  -0.3624,   0.0007, 0
H,   46, LEU,  0.0013,  -0.3787,   0.0002, 0
H,   47, ILE,  1.0690,   0.2164,   0.1597, 0
H,   48, SER,  1.0759,   0.2203,   0.1615, 0
H,   49, ASP,  0.2315,  -0.2504,   0.0088, 0
H,   50, ARG,  0.2936,  -0.2158,   0.0135, 0
H,   51, TRP,  0.6262,  -0.0304,   0.0558, 0
H,   52, VAL,  0.0000,  -0.3795,   0.0002, 0
H,   53, LEU,  0.0000,  -0.3795,   0.0002, 0
H,   54, THR,  0.0000,  -0.3795,   0.0002, 0
H,   55, ALA,  0.0000,  -0.3795,   0.0002, 0
H,   56, ALA,  0.0000,  -0.3795,   0.0002, 0
H,   57, HIS,  3.0525,   1.3220,   0.6193, 1
H,   58, CYS,  2.0921,   0.7867,   0.4347, 0
H,   59, LEU,  0.0742,  -0.3381,   0.0016, 0
H,   60, LEU,  0.2109,  -0.2619,   0.0075, 0
H,  60A, TYR,  0.9515,   0.1509,   0.1282, 1
H,  60B, PRO,  0.0934,  -0.3274,   0.0021, 0
H,  60C, PRO,  0.2472,  -0.2417,   0.0099, 0
H,  60D, TRP,  2.9656,   1.2736,   0.6058, 1
H,  60E, ASP,  0.0316,  -0.3618,   0.0007, 0
H,  60F, LYS,  2.5067,   1.0178,   0.5234, 1
H,  60G, ASN,  0.1644,  -0.2878,   0.0050, 0
H,  60H, PHE,  0.1805,  -0.2788,   0.0058, 0
H,  60I, THR,  0.0847,  -0.3323,   0.0019, 0
H,   61, GLU,  0.0594,  -0.3464,   0.0012, 0
H,   62, ASN,  0.0438,  -0.3551,   0.0009, 0
H,   63, ASP,  0.0331,  -0.3610,   0.0007, 0
H,   64, LEU,  0.0015,  -0.3786,   0.0003, 0
H,   65, LEU,  0.1257,  -0.3094,   0.0033, 0
H,   66, VAL,  0.0000,  -0.3795,   0.0002, 0
H,   67, ARG,  0.0051,  -0.3766,   0.0003, 0
H,   68, ILE,  0.0819,  -0.3338,   0.0018, 0
H,   69, GLY,  0.8595,   0.0996,   0.1052, 0
H,   70, LYS,  1.0833,   0.2243,   0.1635, 0
H,   71, HIS,  1.2053,   0.2924,   0.1978, 0
H,   72, SER,  0.3037,  -0.2102,   0.0143, 0
H,   73, ARG,  0.1346,  -0.3045,   0.0036, 0
H,   74, THR,  0.0688,  -0.3411,   0.0014, 0
H,   75, ARG,  0.2065,  -0.2644,   0.0072, 0
H,   76, TYR,  0.1755,  -0.2816,   0.0055, 0
H,   77, GLU,  0.3183,  -0.2020,   0.0155, 0
H,  77A, ARG,  0.1769,  -0.2808,   0.0056, 0
H,   78, ASN,  0.1637,  -0.2882,   0.0049, 0
H,   79, ILE,  0.6917,   0.0061,   0.0680, 0
H,   80, GLU,  0.0695,  -0.3407,   0.0015, 0
H,   81, LYS,  0.2526,  -0.2387,   0.0103, 0
H,   82, ILE,  0.2609,  -0.2340,   0.0109, 0
H,   83, SER,  0.2441,  -0.2434,   0.0097, 0
H,   84, MET,  0.2757,  -0.2258,   0.0120, 0
H,   85, LEU,  0.0388,  -0.3579,   0.0008, 0
H,   86, GLU,  0.1345,  -0.3045,   0.0036, 0
H,   87, LYS,  0.1180,  -0.3137,   0.0030, 0
H,   88, ILE,  0.0999,  -0.3238,   0.0023, 0
H,   89, TYR,  0.2421,  -0.2445,   0.0096, 0
H,   90, ILE,  0.2478,  -0.2413,   0.0100, 0
H,   91, HIS,  0.5826,  -0.0547,   0.0485, 0
H,   92, PRO,  0.3982,  -0.1575,   0.0234, 0
H,   93, ARG,  0.5845,  -0.0537,   0.0488, 0
H,   94, TYR,  0.2593,  -0.2349,   0.0108, 0
H,   95, ASN,  0.1436,  -0.2994,   0.0040, 0
H,   96, TRP,  0.2641,  -0.2322,   0.0111, 0
H,   97, ARG,  0.1704,  -0.2845,   0.0053, 0
H,  97A, GLU,  0.1404,  -0.3012,   0.0039, 0
H,   98, ASN,  0.1032,  -0.3220,   0.0024, 0
H,   99, LEU,  1.1650,   0.2699,   0.1865, 1
H,  100, ASP,  0.0509,  -0.3511,   0.0010, 0
H,  101, ARG,  0.5427,  -0.0770,   0.0422, 0
H,  102, ASP,  0.0000,  -0.3795,   0.0002, 0
H,  103, ILE,  0.0000,  -0.3795,   0.0002, 0
H,  104, ALA,  0.0000,  -0.3795,   0.0002, 0
H,  105, LEU,  0.2559,  -0.2368,   0.0105, 0
H,  106, MET,  0.0000,  -0.3795,   0.0002, 0
H,  107, LYS,  0.1924,  -0.2722,   0.0064, 0
H,  108, LEU,  0.0818,  -0.3338,   0.0018, 0
H,  109, LYS,  0.1887,  -0.2743,   0.0062, 0
H,  110, LYS,  0.2404,  -0.2455,   0.0094, 0
H,  111, PRO,  0.1499,  -0.2959,   0.0043, 0
H,  112, VAL,  0.1504,  -0.2956,   0.0043, 0
H,  113, ALA,  0.1416,  -0.3005,   0.0040, 0
H,  114, PHE,  0.2251,  -0.2540,   0.0084, 0
H,  115, SER,  0.0574,  -0.3475,   0.0012, 0
H,  116, ASP,  0.4510,  -0.1281,   0.0295, 0
H,  117, TYR,  1.1967,   0.2876,   0.1953, 0
H,  118, ILE,  0.1626,  -0.2888,   0.0049, 0
H,  119, HIS,  0.1278,  -0.3082,   0.0034, 0
H,  120, PRO,  0.4557,  -0.1255,   0.0301, 0
H,  121, VAL,  0.3605,  -0.1785,   0.0195, 0
H,  122, CYS,  0.9083,   0.1268,   0.1173, 0
H,  123, LEU,  1.4111,   0.4071,   0.2571, 0
H,  124, PRO,  0.3571,  -0.1804,   0.0191, 0
H,  125, ASP,  1.0335,   0.1966,   0.1499, 0
H,  126, ARG,  0.1520,  -0.2948,   0.0044, 0
H,  127, GLU,  0.5506,  -0.0726,   0.0434, 0
H,  128, THR,  0.7077,   0.0150,   0.0712, 0
H,  129, ALA,  0.5026,  -0.0993,   0.0363, 0
H, 129A, ALA,  0.2226,  -0.2554,   0.0082, 0
H, 129B, SER,  0.8848,   0.1137,   0.1114, 0
H, 129C, LEU,  0.7438,   0.0351,   0.0788, 0
H,  130, LEU,  0.4836,  -0.1099,   0.0337, 2
H,  131, GLN,  0.6217,  -0.0329,   0.0550, 2
H,  132, ALA,  0.2809,  -0.2229,   0.0124, 0
H,  133, GLY,  0.3412,  -0.1893,   0.0177, 0
H,  134, TYR,  0.7080,   0.0152,   0.0713, 0
H,  135, LYS,  0.2917,  -0.2169,   0.0133, 0
H,  136, GLY,  0.0000,  -0.3795,   0.0002, 0
H,  137, ARG,  0.3849,  -0.1649,   0.0219, 0
H,  138, VAL,  0.0718,  -0.3394,   0.0015, 0
H,  139, THR,  0.2539,  -0.2380,   0.0104, 0
H,  140, GLY,  0.0000,  -0.3795,   0.0002, 0
H,  141, TRP,  0.6332,  -0.0265,   0.0570, 0
H,  142, GLY,  0.0505,  -0.3513,   0.0010, 0
H,  143, ASN,  0.5893,  -0.0510,   0.0496, 0
H,  144, LEU,  0.0390,  -0.3577,   0.0008, 0
H,  145, LYS,  0.0990,  -0.3243,   0.0023, 0
H,  146, GLU,  0.1373,  -0.3029,   0.0038, 0
H,  147, THR,  0.3732,  -0.1714,   0.0207, 0
H, 147A, TRP,  1.0555,   0.2089,   0.1559, 0
H, 147B, THR,  0.3876,  -0.1634,   0.0222, 1
H, 147C, ALA,  0.0605,  -0.3457,   0.0012, 0
H, 147D, ASN,  0.2065,  -0.2644,   0.0072, 0
H, 147E, VAL,  0.3683,  -0.1742,   0.0202, 0
H,  148, GLY,  0.3543,  -0.1820,   0.0189, 0
H,  149, LYS,  0.1336,  -0.3050,   0.0036, 0
H,  150, GLY,  0.1447,  -0.2988,   0.0041, 0
H,  151, GLN,  0.5543,  -0.0705,   0.0439, 0
H,  152, PRO,  0.0522,  -0.3504,   0.0011, 0
H,  153, SER,  0.0878,  -0.3305,   0.0020, 0
H,  154, VAL,  0.1408,  -0.3010,   0.0039, 0
H,  155, LEU,  0.8975,   0.1208,   0.1145, 0
H,  156, GLN,  0.0182,  -0.3693,   0.0005, 0
H,  157, VAL,  0.5099,  -0.0953,   0.0373, 0
H,  158, VAL,  0.3020,  -0.2111,   0.0141, 0
H,  159, ASN,  0.3052,  -0.2093,   0.0144, 0
H,  160, LEU,  0.5098,  -0.0953,   0.0373, 0
H,  161, PRO,  0.5009,  -0.1002,   0.0360, 0
H,  162, ILE,  0.4313,  -0.1390,   0.0272, 2
H,  163, VAL,  0.5450,  -0.0757,   0.0425, 2
H,  164, GLU,  0.4231,  -0.1436,   0.0262, 0
H,  165, ARG,  0.6274,  -0.0297,   0.0560, 2
H,  166, PRO,  0.0391,  -0.3577,   0.0008, 0
H,  167, VAL,  0.0617,  -0.3451,   0.0013, 0
H,  168, CYS,  0.1340,  -0.3048,   0.0036, 0
H,  169, LYS,  0.1508,  -0.2954,   0.0044, 0
H,  170, ASP,  0.0326,  -0.3613,   0.0007, 0
H,  171, SER,  0.0346,  -0.3602,   0.0007, 0
H,  172, THR,  0.0353,  -0.3598,   0.0007, 0
H,  173, ARG,  0.0326,  -0.3613,   0.0007, 0
H,  174, ILE,  0.1078,  -0.3194,   0.0026, 0
H,  175, ARG,  0.0689,  -0.3411,   0.0014, 0
H,  176, ILE,  0.1563,  -0.2923,   0.0046, 0
H,  177, THR,  0.1751,  -0.2819,   0.0055, 0
H,  178, ASP,  0.3502,  -0.1842,   0.0185, 0
H,  179, ASN,  0.3033,  -0.2104,   0.0142, 0
H,  180, MET,  0.3389,  -0.1905,   0.0175, 0
H,  181, PHE,  0.4796,  -0.1121,   0.0332, 2
H,  182, CYS,  0.2921,  -0.2166,   0.0133, 0
H,  183, ALA,  0.5393,  -0.0788,   0.0417, 0
H,  184, GLY,  0.6493,  -0.0175,   0.0599, 0
H, 184A, TYR,  0.9730,   0.1629,   0.1339, 0
H,  185, LYS,  0.5690,  -0.0623,   0.0463, 0
H,  186, PRO,  0.1509,  -0.2953,   0.0044, 0
H, 186A, ASP,  0.0268,  -0.3645,   0.0006, 0
H, 186B, GLU,  0.3272,  -0.1971,   0.0163, 0
H, 186C, GLY,  0.0031,  -0.3777,   0.0003, 0
H, 186D, LYS,  0.4327,  -0.1383,   0.0274, 0
H,  187, ARG,  0.4170,  -0.1471,   0.0255, 0
H,  188, GLY,  0.6314,  -0.0275,   0.0567, 0
H,  189, ASP,  0.7533,   0.0404,   0.0808, 1
H,  190, ALA,  0.5080,  -0.0963,   0.0370, 1
H,  191, CYS,  1.7196,   0.5791,   0.3428, 1
H,  192, GLU,  3.1354,   1.3682,   0.6318, 1
H,  193, GLY,  2.1951,   0.8441,   0.4581, 1
H,  194, ASP,  1.0275,   0.1933,   0.1483, 0
H,  195, SER,  3.0286,   1.3087,   0.6157, 1
H,  196, GLY,  0.0365,  -0.3591,   0.0008, 0
H,  197, GLY,  0.0307,  -0.3624,   0.0007, 0
H,  198, PRO,  0.2539,  -0.2380,   0.0104, 0
H,  199, PHE,  0.0307,  -0.3624,   0.0007, 0
H,  200, VAL,  0.2539,  -0.2380,   0.0104, 0
H,  201, MET,  0.2700,  -0.2290,   0.0116, 0
H,  202, LYS,  0.3464,  -0.1864,   0.0181, 0
H,  203, SER,  0.8491,   0.0938,   0.1027, 0
H,  204, PRO,  0.8463,   0.0923,   0.1020, 0
H, 204A, PHE,  1.0236,   0.1911,   0.1473, 0
H, 204B, ASN,  0.8201,   0.0777,   0.0959, 0
H,  205, ASN,  0.0957,  -0.3261,   0.0022, 0
H,  206, ARG,  0.6389,  -0.0233,   0.0580, 0
H,  207, TRP,  0.2232,  -0.2550,   0.0083, 0
H,  208, TYR,  1.0514,   0.2066,   0.1548, 0
H,  209, GLN,  0.0307,  -0.3624,   0.0007, 0
H,  210, MET,  0.0000,  -0.3795,   0.0002, 0
H,  211, GLY,  0.0000,  -0.3795,   0.0002, 0
H,  212, ILE,  0.0027,  -0.3780,   0.0003, 0
H,  213, VAL,  0.5434,  -0.0766,   0.0423, 1
H,  214, SER,  0.8614,   0.1007,   0.1056, 1
H,  215, TRP,  1.2539,   0.3195,   0.2117, 1
H,  216, GLY,  1.0579,   0.2102,   0.1565, 1
H,  217, GLU,  0.1637,  -0.2882,   0.0049, 0
H,  219, GLY,  0.3602,  -0.1787,   0.0194, 1
H,  220, CYS,  0.2556,  -0.2370,   0.0105, 0
H,  221, ASP,  0.6710,  -0.0054,   0.0640, 0
H, 221A, ARG,  0.6473,  -0.0187,   0.0595, 0
H,  222, ASP,  0.2336,  -0.2492,   0.0090, 0
H,  223, GLY,  0.2099,  -0.2625,   0.0074, 0
H,  224, LYS,  0.6077,  -0.0407,   0.0526, 0
H,  225, TYR,  0.7272,   0.0259,   0.0754, 0
H,  226, GLY,  0.6831,   0.0013,   0.0663, 0
H,  227, PHE,  0.2743,  -0.2266,   0.0119, 1
H,  228, TYR,  0.3190,  -0.2017,   0.0156, 1
H,  229, THR,  0.0000,  -0.3795,   0.0002, 0
H,  230, HIS,  0.4904,  -0.1061,   0.0346, 2
H,  231, VAL,  0.0000,  -0.3795,   0.0002, 0
H,  232, PHE,  0.3186,  -0.2019,   0.0156, 0
H,  233, ARG,  0.6743,  -0.0036,   0.0646, 0
H,  234, LEU,  0.4429,  -0.1326,   0.0286, 0
H,  235, LYS,  0.8099,   0.0720,   0.0935, 0
H,  236, LYS,  0.2285,  -0.2521,   0.0086, 0
H,  237, TRP,  0.4200,  -0.1454,   0.0258, 0
H,  238, ILE,  0.6144,  -0.0370,   0.0537, 0
H,  239, GLN,  0.4728,  -0.1159,   0.0323, 0
H,  240, LYS,  0.3716,  -0.1723,   0.0206, 0
H,  241, VAL,  0.2228,  -0.2553,   0.0083, 0
H,  242, ILE,  0.9230,   0.1350,   0.1211, 0
H,  243, ASP,  0.0914,  -0.3285,   0.0021, 0
H,  244, GLN,  0.3872,  -0.1637,   0.0222, 0
I,  355, ASP,  0.0499,  -0.3516,   0.0010, 0
I,  356, PHE,  0.1250,  -0.3098,   0.0033, 0
I,  357, GLU,  0.0327,  -0.3612,   0.0007, 0
I,  358, GLU,  0.0474,  -0.3530,   0.0010, 0
I,  359, ILE,  0.0380,  -0.3583,   0.0008, 0
I,  360, PRO,  0.1391,  -0.3019,   0.0038, 0
I,  361, GLU,  0.0657,  -0.3428,   0.0014, 0
I,  362, GLU,  0.2321,  -0.2501,   0.0089, 0
I,  363, TYS,  0.4201,  -0.1453,   0.0258, 0
L,    1, CYS,  0.8808,   0.1115,   0.1104, 0
L,   1A, ASP,  0.4249,  -0.1426,   0.0264, 0
L,    2, GLY,  0.0957,  -0.3261,   0.0022, 0
L,    3, LEU,  0.0475,  -0.3530,   0.0010, 0
L,    4, ARG,  0.2344,  -0.2488,   0.0090, 0
L,    5, PRO,  0.0286,  -0.3635,   0.0006, 0
L,    6, LEU,  0.5235,  -0.0877,   0.0393, 0
L,    7, PHE,  0.0643,  -0.3436,   0.0013, 0
L,    8, GLU,  0.0517,  -0.3506,   0.0011, 0
L,    9, LYS,  0.0488,  -0.3523,   0.0010, 0
L,   10, LYS,  0.0418,  -0.3562,   0.0009, 0
L,   11, SER,  0.0350,  -0.3599,   0.0007, 0
L,   12, LEU,  0.0464,  -0.3536,   0.0009, 0
L,   13, GLU,  0.0848,  -0.3322,   0.0019, 0
L,   14, ASP,  0.0163,  -0.3704,   0.0004, 0
L,  14A, LYS,  0.0619,  -0.3450,   0.0013, 0
L,  14B, THR,  0.3298,  -0.1957,   0.0166, 0
L,  14C, GLU,  0.0651,  -0.3432,   0.0014, 0
L,  14D, ARG,  0.0653,  -0.3430,   0.0014, 0
L,  14E, GLU,  0.3889,  -0.1627,   0.0224, 0
L,  14F, LEU,  0.0004,  -0.3793,   0.0002, 0
L,  14G, LEU,  0.1785,  -0.2799,   0.0057, 0
L,  14H, GLU,  0.0195,  -0.3686,   0.0005, 0
L,  14I, SER,  0.2356,  -0.2481,   0.0091, 0
L,  14J, TYR,  0.4565,  -0.1250,   0.0302, 0
L,  14K, ILE,  0.5634,  -0.0654,   0.0454, 0
